时间,排名,角色名,今日互动,粉丝数
2026-02-25 22:07:40,1,秦彻,60000,1790000
2026-02-25 22:07:40,2,恋与深空黎深,10000,2020000
2026-02-25 22:07:40,3,祁煜,50000,2050000
2026-02-25 22:07:40,4,沈星回,10000,1820000
2026-02-25 22:07:40,5,齐司礼,10000,2670000
2026-02-25 22:07:40,6,夏以昼,10000,1120000
2026-02-25 22:07:40,7,光与夜之恋陆沉,10000,2280000
2026-02-25 22:46:45,1,秦彻,60000,1790000
2026-02-25 22:46:45,2,恋与深空黎深,10000,2020000
2026-02-25 22:46:45,3,祁煜,50000,2050000
2026-02-25 22:46:45,4,沈星回,10000,1820000
2026-02-25 22:46:45,5,齐司礼,10000,2670000
2026-02-25 22:46:45,6,夏以昼,10000,1120000
2026-02-25 22:46:45,7,光与夜之恋陆沉,10000,2280000
2026-02-25 23:50:23,1,秦彻,84457,1790000
2026-02-25 23:50:23,2,恋与深空黎深,72323,2020000
2026-02-25 23:50:23,3,祁煜,65457,2050000
2026-02-25 23:50:23,4,沈星回,58047,1820000
2026-02-25 23:50:23,5,齐司礼,52036,2670000
2026-02-25 23:50:23,6,夏以昼,49087,1120000
2026-02-25 23:50:23,7,光与夜之恋陆沉,11943,2280000
